fecha,nombre_feriado
2023-01-01,Año Nuevo
2023-01-02,Año Nuevo (observado)
2023-02-20,Carnaval
2023-02-21,Carnaval
2023-04-07,Viernes Santo
2023-05-01,Día del Trabajo
2023-05-24,Batalla de Pichincha
2023-05-26,Batalla de Pichincha (observado)
2023-08-10,Primer Grito de Independencia
2023-08-11,Primer Grito de Independencia (observado)
2023-10-09,Independencia de Guayaquil
2023-11-02,Día de Difuntos
2023-11-03,Independencia de Cuenca
2023-12-25,Navidad
2024-01-01,Año Nuevo
2024-02-12,Carnaval
2024-02-13,Carnaval
2024-03-29,Viernes Santo
2024-05-01,Día del Trabajo
2024-05-03,Día del Trabajo (observado)
2024-05-24,Batalla de Pichincha
2024-08-09,Primer Grito de Independencia (observado)
2024-08-10,Primer Grito de Independencia
2024-10-09,Independencia de Guayaquil
2024-10-11,Independencia de Guayaquil (observado)
2024-11-01,Día de Difuntos (observado)
2024-11-02,Día de Difuntos
2024-11-03,Independencia de Cuenca
2024-11-04,Independencia de Cuenca (observado)
2024-12-25,Navidad
2025-01-01,Año Nuevo
2025-03-03,Carnaval
2025-03-04,Carnaval
2025-04-18,Viernes Santo
2025-05-01,Día del Trabajo
2025-05-02,Día del Trabajo (observado)
2025-05-23,Batalla de Pichincha (observado)
2025-05-24,Batalla de Pichincha
2025-08-10,Primer Grito de Independencia
2025-08-11,Primer Grito de Independencia (observado)
2025-10-09,Independencia de Guayaquil
2025-10-10,Independencia de Guayaquil (observado)
2025-11-02,Día de Difuntos
2025-11-03,Independencia de Cuenca
2025-11-04,Día de Difuntos (observado)
2025-12-25,Navidad
2026-01-01,Año Nuevo
2026-02-16,Carnaval
2026-02-17,Carnaval
2026-04-03,Viernes Santo
2026-05-01,Día del Trabajo
2026-05-24,Batalla de Pichincha
2026-05-25,Batalla de Pichincha (observado)
2026-08-10,Primer Grito de Independencia
2026-10-09,Independencia de Guayaquil
2026-11-02,Día de Difuntos
2026-11-03,Independencia de Cuenca
2026-12-25,Navidad
