canton_codigo,canton_nombre_inec,anio,poblacion
0101,Cuenca,2022,612574
0101,Cuenca,2023,615768
0101,Cuenca,2024,619701
0101,Cuenca,2025,624053
0101,Cuenca,2026,628740
0102,Girón,2022,12687
0102,Girón,2023,12578
0102,Girón,2024,12492
0102,Girón,2025,12423
0102,Girón,2026,12370
0103,Gualaceo,2022,45040
0103,Gualaceo,2023,44774
0103,Gualaceo,2024,44577
0103,Gualaceo,2025,44426
0103,Gualaceo,2026,44313
0104,Nabón,2022,15268
0104,Nabón,2023,15103
0104,Nabón,2024,14972
0104,Nabón,2025,14868
0104,Nabón,2026,14789
0105,Paute,2022,27535
0105,Paute,2023,27442
0105,Paute,2024,27385
0105,Paute,2025,27349
0105,Paute,2026,27331
0106,Pucará,2022,10034
0106,Pucará,2023,9918
0106,Pucará,2024,9825
0106,Pucará,2025,9750
0106,Pucará,2026,9691
0107,San Fernando,2022,3853
0107,San Fernando,2023,3802
0107,San Fernando,2024,3760
0107,San Fernando,2025,3726
0107,San Fernando,2026,3701
0108,Santa Isabel,2022,21561
0108,Santa Isabel,2023,21240
0108,Santa Isabel,2024,20985
0108,Santa Isabel,2025,20785
0108,Santa Isabel,2026,20634
0109,Sígsig,2022,26368
0109,Sígsig,2023,26115
0109,Sígsig,2024,25916
0109,Sígsig,2025,25756
0109,Sígsig,2026,25633
0110,Oña,2022,3565
0110,Oña,2023,3531
0110,Oña,2024,3503
0110,Oña,2025,3482
0110,Oña,2026,3465
0111,Chordeleg,2022,12637
0111,Chordeleg,2023,12521
0111,Chordeleg,2024,12432
0111,Chordeleg,2025,12359
0111,Chordeleg,2026,12303
0112,El Pan,2022,2849
0112,El Pan,2023,2810
0112,El Pan,2024,2779
0112,El Pan,2025,2755
0112,El Pan,2026,2737
0113,Sevilla de Oro,2022,4800
0113,Sevilla de Oro,2023,4699
0113,Sevilla de Oro,2024,4621
0113,Sevilla de Oro,2025,4565
0113,Sevilla de Oro,2026,4525
0114,Guachapala,2022,3650
0114,Guachapala,2023,3645
0114,Guachapala,2024,3648
0114,Guachapala,2025,3656
0114,Guachapala,2026,3668
0115,Camilo Ponce Enriquez,2022,23825
0115,Camilo Ponce Enriquez,2023,24226
0115,Camilo Ponce Enriquez,2024,24624
0115,Camilo Ponce Enriquez,2025,25005
0115,Camilo Ponce Enriquez,2026,25368
0201,Guaranda,2022,101309
0201,Guaranda,2023,100831
0201,Guaranda,2024,100508
0201,Guaranda,2025,100355
0201,Guaranda,2026,100363
0202,Chillanes,2022,20201
0202,Chillanes,2023,20198
0202,Chillanes,2024,20223
0202,Chillanes,2025,20280
0202,Chillanes,2026,20366
0203,Chimbo,2022,15987
0203,Chimbo,2023,15807
0203,Chimbo,2024,15659
0203,Chimbo,2025,15548
0203,Chimbo,2026,15473
0204,Echeandía,2022,15346
0204,Echeandía,2023,15380
0204,Echeandía,2024,15434
0204,Echeandía,2025,15511
0204,Echeandía,2026,15607
0205,San Miguel,2022,29143
0205,San Miguel,2023,28975
0205,San Miguel,2024,28860
0205,San Miguel,2025,28800
0205,San Miguel,2026,28793
0206,Caluma,2022,16337
0206,Caluma,2023,16373
0206,Caluma,2024,16429
0206,Caluma,2025,16509
0206,Caluma,2026,16611
0207,Las Naves,2022,7221
0207,Las Naves,2023,7255
0207,Las Naves,2024,7297
0207,Las Naves,2025,7348
0207,Las Naves,2026,7407
0301,Azogues,2022,77367
0301,Azogues,2023,77533
0301,Azogues,2024,77677
0301,Azogues,2025,77819
0301,Azogues,2026,77967
0302,Biblián,2022,19370
0302,Biblián,2023,19167
0302,Biblián,2024,18986
0302,Biblián,2025,18828
0302,Biblián,2026,18695
0303,Cañar,2022,53686
0303,Cañar,2023,53114
0303,Cañar,2024,52602
0303,Cañar,2025,52160
0303,Cañar,2026,51786
0304,La Troncal,2022,66369
0304,La Troncal,2023,67016
0304,La Troncal,2024,67598
0304,La Troncal,2025,68127
0304,La Troncal,2026,68614
0305,El Tambo,2022,9732
0305,El Tambo,2023,9701
0305,El Tambo,2024,9670
0305,El Tambo,2025,9643
0305,El Tambo,2026,9619
0306,Déleg,2022,6309
0306,Déleg,2023,6290
0306,Déleg,2024,6272
0306,Déleg,2025,6255
0306,Déleg,2026,6239
0307,Suscal,2022,4751
0307,Suscal,2023,4706
0307,Suscal,2024,4665
0307,Suscal,2025,4628
0307,Suscal,2026,4597
0401,Tulcán,2022,96812
0401,Tulcán,2023,96038
0401,Tulcán,2024,95422
0401,Tulcán,2025,95087
0401,Tulcán,2026,95028
0402,Bolívar,2022,16476
0402,Bolívar,2023,16410
0402,Bolívar,2024,16366
0402,Bolívar,2025,16368
0402,Bolívar,2026,16414
0403,Espejo,2022,14933
0403,Espejo,2023,14788
0403,Espejo,2024,14669
0403,Espejo,2025,14593
0403,Espejo,2026,14559
0404,Mira,2022,13193
0404,Mira,2023,13053
0404,Mira,2024,12935
0404,Mira,2025,12859
0404,Mira,2026,12822
0405,Montúfar,2022,31211
0405,Montúfar,2023,30788
0405,Montúfar,2024,30427
0405,Montúfar,2025,30165
0405,Montúfar,2026,30000
0406,San Pedro de Huaca,2022,8151
0406,San Pedro de Huaca,2023,8065
0406,San Pedro de Huaca,2024,7994
0406,San Pedro de Huaca,2025,7948
0406,San Pedro de Huaca,2026,7925
0501,Latacunga,2022,221033
0501,Latacunga,2023,224463
0501,Latacunga,2024,227737
0501,Latacunga,2025,230875
0501,Latacunga,2026,233899
0502,La Maná,2022,55421
0502,La Maná,2023,56312
0502,La Maná,2024,57161
0502,La Maná,2025,57972
0502,La Maná,2026,58753
0503,Pangua,2022,22380
0503,Pangua,2023,22489
0503,Pangua,2024,22602
0503,Pangua,2025,22719
0503,Pangua,2026,22839
0504,Pujilí,2022,68780
0504,Pujilí,2023,68594
0504,Pujilí,2024,68420
0504,Pujilí,2025,68269
0504,Pujilí,2026,68149
0505,Salcedo,2022,68671
0505,Salcedo,2023,69261
0505,Salcedo,2024,69816
0505,Salcedo,2025,70344
0505,Salcedo,2026,70856
0506,Saquisilí,2022,24974
0506,Saquisilí,2023,24904
0506,Saquisilí,2024,24838
0506,Saquisilí,2025,24780
0506,Saquisilí,2026,24733
0507,Sigchos,2022,19011
0507,Sigchos,2023,18769
0507,Sigchos,2024,18573
0507,Sigchos,2025,18423
0507,Sigchos,2026,18315
0601,Riobamba,2022,271039
0601,Riobamba,2023,271614
0601,Riobamba,2024,272179
0601,Riobamba,2025,272762
0601,Riobamba,2026,273355
0602,Alausí,2022,39950
0602,Alausí,2023,39199
0602,Alausí,2024,38530
0602,Alausí,2025,37948
0602,Alausí,2026,37444
0603,Colta,2022,32354
0603,Colta,2023,31396
0603,Colta,2024,30603
0603,Colta,2025,29956
0603,Colta,2026,29432
0604,Chambo,2022,13754
0604,Chambo,2023,13772
0604,Chambo,2024,13790
0604,Chambo,2025,13811
0604,Chambo,2026,13833
0605,Chunchi,2022,11437
0605,Chunchi,2023,11180
0605,Chunchi,2024,10951
0605,Chunchi,2025,10750
0605,Chunchi,2026,10577
0606,Guamote,2022,38517
0606,Guamote,2023,37523
0606,Guamote,2024,36664
0606,Guamote,2025,35934
0606,Guamote,2026,35322
0607,Guano,2022,49365
0607,Guano,2023,49414
0607,Guano,2024,49466
0607,Guano,2025,49528
0607,Guano,2026,49598
0608,Pallatanga,2022,12350
0608,Pallatanga,2023,12274
0608,Pallatanga,2024,12202
0608,Pallatanga,2025,12137
0608,Pallatanga,2026,12077
0609,Penipe,2022,7062
0609,Penipe,2023,7008
0609,Penipe,2024,6957
0609,Penipe,2025,6909
0609,Penipe,2026,6865
0610,Cumandá,2022,17256
0610,Cumandá,2023,17394
0610,Cumandá,2024,17515
0610,Cumandá,2025,17620
0610,Cumandá,2026,17710
0701,Machala,2022,316124
0701,Machala,2023,318567
0701,Machala,2024,321196
0701,Machala,2025,324062
0701,Machala,2026,327122
0702,Arenillas,2022,33303
0702,Arenillas,2023,33512
0702,Arenillas,2024,33741
0702,Arenillas,2025,33996
0702,Arenillas,2026,34271
0703,Atahualpa,2022,6307
0703,Atahualpa,2023,6271
0703,Atahualpa,2024,6242
0703,Atahualpa,2025,6221
0703,Atahualpa,2026,6208
0704,Balsas,2022,8187
0704,Balsas,2023,8178
0704,Balsas,2024,8176
0704,Balsas,2025,8179
0704,Balsas,2026,8188
0705,Chilla,2022,2333
0705,Chilla,2023,2301
0705,Chilla,2024,2275
0705,Chilla,2025,2256
0705,Chilla,2026,2244
0706,El Guabo,2022,62497
0706,El Guabo,2023,62887
0706,El Guabo,2024,63314
0706,El Guabo,2025,63789
0706,El Guabo,2026,64303
0707,Huaquillas,2022,59217
0707,Huaquillas,2023,59439
0707,Huaquillas,2024,59696
0707,Huaquillas,2025,59997
0707,Huaquillas,2026,60334
0708,Marcabelí,2022,6982
0708,Marcabelí,2023,7034
0708,Marcabelí,2024,7090
0708,Marcabelí,2025,7152
0708,Marcabelí,2026,7217
0709,Pasaje,2022,86603
0709,Pasaje,2023,86720
0709,Pasaje,2024,86890
0709,Pasaje,2025,87122
0709,Pasaje,2026,87408
0710,Piñas,2022,30153
0710,Piñas,2023,30161
0710,Piñas,2024,30186
0710,Piñas,2025,30236
0710,Piñas,2026,30304
0711,Portovelo,2022,14042
0711,Portovelo,2023,14018
0711,Portovelo,2024,14004
0711,Portovelo,2025,14002
0711,Portovelo,2026,14010
0712,Santa Rosa,2022,84381
0712,Santa Rosa,2023,84567
0712,Santa Rosa,2024,84807
0712,Santa Rosa,2025,85112
0712,Santa Rosa,2026,85472
0713,Zaruma,2022,25487
0713,Zaruma,2023,25278
0713,Zaruma,2024,25108
0713,Zaruma,2025,24982
0713,Zaruma,2026,24895
0714,Las Lajas,2022,5857
0714,Las Lajas,2023,5878
0714,Las Lajas,2024,5902
0714,Las Lajas,2025,5930
0714,Las Lajas,2026,5962
0801,Esmeraldas,2022,229442
0801,Esmeraldas,2023,230186
0801,Esmeraldas,2024,231097
0801,Esmeraldas,2025,232221
0801,Esmeraldas,2026,233519
0802,Eloy Alfaro,2022,50860
0802,Eloy Alfaro,2023,51212
0802,Eloy Alfaro,2024,51603
0802,Eloy Alfaro,2025,52040
0802,Eloy Alfaro,2026,52520
0803,Muisne,2022,37640
0803,Muisne,2023,38056
0803,Muisne,2024,38495
0803,Muisne,2025,38966
0803,Muisne,2026,39459
0804,Quinindé,2022,134311
0804,Quinindé,2023,134127
0804,Quinindé,2024,134059
0804,Quinindé,2025,134131
0804,Quinindé,2026,134325
0805,San Lorenzo,2022,53655
0805,San Lorenzo,2023,54263
0805,San Lorenzo,2024,54902
0805,San Lorenzo,2025,55584
0805,San Lorenzo,2026,56300
0806,Atacames,2022,54415
0806,Atacames,2023,54897
0806,Atacames,2024,55418
0806,Atacames,2025,55990
0806,Atacames,2026,56602
0807,Río Verde,2022,35351
0807,Río Verde,2023,35689
0807,Río Verde,2024,36052
0807,Río Verde,2025,36445
0807,Río Verde,2026,36865
0901,Guayaquil,2022,2908589
0901,Guayaquil,2023,2932225
0901,Guayaquil,2024,2957527
0901,Guayaquil,2025,2982756
0901,Guayaquil,2026,3007696
0902,Alfredo Baquerizo Moreno (Juján),2022,26652
0902,Alfredo Baquerizo Moreno (Juján),2023,26584
0902,Alfredo Baquerizo Moreno (Juján),2024,26556
0902,Alfredo Baquerizo Moreno (Juján),2025,26554
0902,Alfredo Baquerizo Moreno (Juján),2026,26573
0903,Balao,2022,26808
0903,Balao,2023,27213
0903,Balao,2024,27635
0903,Balao,2025,28057
0903,Balao,2026,28478
0904,Balzar,2022,62528
0904,Balzar,2023,62573
0904,Balzar,2024,62680
0904,Balzar,2025,62813
0904,Balzar,2026,62970
0905,Colimes,2022,27496
0905,Colimes,2023,27608
0905,Colimes,2024,27738
0905,Colimes,2025,27870
0905,Colimes,2026,28005
0906,Daule,2022,225776
0906,Daule,2023,233201
0906,Daule,2024,240043
0906,Daule,2025,246208
0906,Daule,2026,251738
0907,Durán,2022,316551
0907,Durán,2023,321912
0907,Durán,2024,327452
0907,Durán,2025,332968
0907,Durán,2026,338431
0908,El Empalme,2022,87108
0908,El Empalme,2023,87177
0908,El Empalme,2024,87331
0908,El Empalme,2025,87521
0908,El Empalme,2026,87743
0909,El Triunfo,2022,63577
0909,El Triunfo,2023,64112
0909,El Triunfo,2024,64682
0909,El Triunfo,2025,65252
0909,El Triunfo,2026,65816
0910,Milagro,2022,211848
0910,Milagro,2023,213587
0910,Milagro,2024,215447
0910,Milagro,2025,217302
0910,Milagro,2026,219135
0911,Naranjal,2022,89898
0911,Naranjal,2023,90889
0911,Naranjal,2024,91937
0911,Naranjal,2025,92986
0911,Naranjal,2026,94031
0912,Naranjito,2022,47097
0912,Naranjito,2023,47453
0912,Naranjito,2024,47836
0912,Naranjito,2025,48219
0912,Naranjito,2026,48596
0913,Palestina,2022,18930
0913,Palestina,2023,19001
0913,Palestina,2024,19085
0913,Palestina,2025,19171
0913,Palestina,2026,19259
0914,Pedro Carbo,2022,55054
0914,Pedro Carbo,2023,55654
0914,Pedro Carbo,2024,56289
0914,Pedro Carbo,2025,56925
0914,Pedro Carbo,2026,57557
0916,Samborondón,2022,102019
0916,Samborondón,2023,104484
0916,Samborondón,2024,106919
0916,Samborondón,2025,109253
0916,Samborondón,2026,111478
0918,Santa Lucía,2022,46205
0918,Santa Lucía,2023,46355
0918,Santa Lucía,2024,46537
0918,Santa Lucía,2025,46729
0918,Santa Lucía,2026,46924
0919,Salitre,2022,65340
0919,Salitre,2023,65359
0919,Salitre,2024,65447
0919,Salitre,2025,65565
0919,Salitre,2026,65712
0920,San Jacinto de Yaguachi,2022,76247
0920,San Jacinto de Yaguachi,2023,77077
0920,San Jacinto de Yaguachi,2024,77953
0920,San Jacinto de Yaguachi,2025,78831
0920,San Jacinto de Yaguachi,2026,79705
0921,Playas,2022,62862
0921,Playas,2023,64183
0921,Playas,2024,65515
0921,Playas,2025,66818
0921,Playas,2026,68083
0922,Simón Bolívar,2022,31045
0922,Simón Bolívar,2023,31273
0922,Simón Bolívar,2024,31522
0922,Simón Bolívar,2025,31768
0922,Simón Bolívar,2026,32012
0923,Coronel Marcelino Maridueña,2022,14149
0923,Coronel Marcelino Maridueña,2023,14195
0923,Coronel Marcelino Maridueña,2024,14249
0923,Coronel Marcelino Maridueña,2025,14307
0923,Coronel Marcelino Maridueña,2026,14366
0924,Lomas de Sargentillo,2022,23895
0924,Lomas de Sargentillo,2023,24144
0924,Lomas de Sargentillo,2024,24409
0924,Lomas de Sargentillo,2025,24674
0924,Lomas de Sargentillo,2026,24936
0925,Nobol,2022,25856
0925,Nobol,2023,26138
0925,Nobol,2024,26435
0925,Nobol,2025,26732
0925,Nobol,2026,27028
0927,General Antonio Elizalde,2022,12870
0927,General Antonio Elizalde,2023,12910
0927,General Antonio Elizalde,2024,12960
0927,General Antonio Elizalde,2025,13012
0927,General Antonio Elizalde,2026,13066
0928,Isidro Ayora,2022,15032
0928,Isidro Ayora,2023,15306
0928,Isidro Ayora,2024,15587
0928,Isidro Ayora,2025,15866
0928,Isidro Ayora,2026,16141
1001,Ibarra,2022,223545
1001,Ibarra,2023,225970
1001,Ibarra,2024,228403
1001,Ibarra,2025,230846
1001,Ibarra,2026,233297
1002,Antonio Ante,2022,54513
1002,Antonio Ante,2023,55251
1002,Antonio Ante,2024,55989
1002,Antonio Ante,2025,56725
1002,Antonio Ante,2026,57459
1003,Cotacachi,2022,55125
1003,Cotacachi,2023,55674
1003,Cotacachi,2024,56225
1003,Cotacachi,2025,56779
1003,Cotacachi,2026,57334
1004,Otavalo,2022,120237
1004,Otavalo,2023,120495
1004,Otavalo,2024,120764
1004,Otavalo,2025,121046
1004,Otavalo,2026,121345
1005,Pimampiro,2022,14181
1005,Pimampiro,2023,14165
1005,Pimampiro,2024,14155
1005,Pimampiro,2025,14151
1005,Pimampiro,2026,14153
1006,San Miguel de Urcuquí,2022,18312
1006,San Miguel de Urcuquí,2023,18406
1006,San Miguel de Urcuquí,2024,18499
1006,San Miguel de Urcuquí,2025,18593
1006,San Miguel de Urcuquí,2026,18687
1101,Loja,2022,254463
1101,Loja,2023,255762
1101,Loja,2024,257110
1101,Loja,2025,258514
1101,Loja,2026,259977
1102,Calvas,2022,27020
1102,Calvas,2023,26760
1102,Calvas,2024,26544
1102,Calvas,2025,26374
1102,Calvas,2026,26242
1103,Catamayo,2022,35734
1103,Catamayo,2023,35960
1103,Catamayo,2024,36192
1103,Catamayo,2025,36428
1103,Catamayo,2026,36669
1104,Celica,2022,14828
1104,Celica,2023,14773
1104,Celica,2024,14721
1104,Celica,2025,14676
1104,Celica,2026,14636
1105,Chaguarpamba,2022,6990
1105,Chaguarpamba,2023,6945
1105,Chaguarpamba,2024,6908
1105,Chaguarpamba,2025,6875
1105,Chaguarpamba,2026,6849
1106,Espíndola,2022,14619
1106,Espíndola,2023,14482
1106,Espíndola,2024,14368
1106,Espíndola,2025,14277
1106,Espíndola,2026,14207
1107,Gonzanamá,2022,12502
1107,Gonzanamá,2023,12462
1107,Gonzanamá,2024,12436
1107,Gonzanamá,2025,12421
1107,Gonzanamá,2026,12417
1108,Macará,2022,18878
1108,Macará,2023,18738
1108,Macará,2024,18618
1108,Macará,2025,18520
1108,Macará,2026,18440
1109,Paltas,2022,23435
1109,Paltas,2023,23235
1109,Paltas,2024,23067
1109,Paltas,2025,22929
1109,Paltas,2026,22823
1110,Puyango,2022,16629
1110,Puyango,2023,16596
1110,Puyango,2024,16572
1110,Puyango,2025,16559
1110,Puyango,2026,16555
1111,Saraguro,2022,30150
1111,Saraguro,2023,29932
1111,Saraguro,2024,29744
1111,Saraguro,2025,29588
1111,Saraguro,2026,29462
1112,Sozoranga,2022,7064
1112,Sozoranga,2023,7005
1112,Sozoranga,2024,6957
1112,Sozoranga,2025,6917
1112,Sozoranga,2026,6885
1113,Zapotillo,2022,14915
1113,Zapotillo,2023,15058
1113,Zapotillo,2024,15197
1113,Zapotillo,2025,15333
1113,Zapotillo,2026,15466
1114,Pindal,2022,10679
1114,Pindal,2023,10784
1114,Pindal,2024,10887
1114,Pindal,2025,10987
1114,Pindal,2026,11085
1115,Quilanga,2022,4030
1115,Quilanga,2023,3987
1115,Quilanga,2024,3952
1115,Quilanga,2025,3925
1115,Quilanga,2026,3904
1116,Olmedo,2022,4258
1116,Olmedo,2023,4206
1116,Olmedo,2024,4165
1116,Olmedo,2025,4134
1116,Olmedo,2026,4112
1201,Babahoyo,2022,188759
1201,Babahoyo,2023,190058
1201,Babahoyo,2024,191772
1201,Babahoyo,2025,193677
1201,Babahoyo,2026,195686
1202,Baba,2022,47404
1202,Baba,2023,47667
1202,Baba,2024,48034
1202,Baba,2025,48446
1202,Baba,2026,48884
1203,Montalvo,2022,29604
1203,Montalvo,2023,29842
1203,Montalvo,2024,30147
1203,Montalvo,2025,30483
1203,Montalvo,2026,30836
1204,Puebloviejo,2022,44633
1204,Puebloviejo,2023,44952
1204,Puebloviejo,2024,45370
1204,Puebloviejo,2025,45833
1204,Puebloviejo,2026,46320
1205,Quevedo,2022,219549
1205,Quevedo,2023,221661
1205,Quevedo,2024,224264
1205,Quevedo,2025,227098
1205,Quevedo,2026,230062
1206,Urdaneta,2022,34829
1206,Urdaneta,2023,34982
1206,Urdaneta,2024,35210
1206,Urdaneta,2025,35472
1206,Urdaneta,2026,35753
1207,Ventanas,2022,78499
1207,Ventanas,2023,78803
1207,Ventanas,2024,79279
1207,Ventanas,2025,79831
1207,Ventanas,2026,80425
1208,Vinces,2022,85286
1208,Vinces,2023,85675
1208,Vinces,2024,86249
1208,Vinces,2025,86908
1208,Vinces,2026,87610
1209,Palenque,2022,25612
1209,Palenque,2023,25665
1209,Palenque,2024,25775
1209,Palenque,2025,25911
1209,Palenque,2026,26062
1210,Buena Fe,2022,80831
1210,Buena Fe,2023,81628
1210,Buena Fe,2024,82607
1210,Buena Fe,2025,83670
1210,Buena Fe,2026,84781
1211,Valencia,2022,54286
1211,Valencia,2023,54875
1211,Valencia,2024,55584
1211,Valencia,2025,56350
1211,Valencia,2026,57147
1212,Mocache,2022,43731
1212,Mocache,2023,43794
1212,Mocache,2024,43955
1212,Mocache,2025,44163
1212,Mocache,2026,44397
1213,Quinsaloma,2022,20037
1213,Quinsaloma,2023,20203
1213,Quinsaloma,2024,20414
1213,Quinsaloma,2025,20645
1213,Quinsaloma,2026,20889
1301,Portoviejo,2022,336546
1301,Portoviejo,2023,339230
1301,Portoviejo,2024,342231
1301,Portoviejo,2025,345349
1301,Portoviejo,2026,348554
1302,Bolívar,2022,45398
1302,Bolívar,2023,45533
1302,Bolívar,2024,45712
1302,Bolívar,2025,45910
1302,Bolívar,2026,46121
1303,Chone,2022,136685
1303,Chone,2023,136579
1303,Chone,2024,136646
1303,Chone,2025,136807
1303,Chone,2026,137055
1304,El Carmen,2022,129461
1304,El Carmen,2023,130403
1304,El Carmen,2024,131464
1304,El Carmen,2025,132569
1304,El Carmen,2026,133707
1305,Flavio Alfaro,2022,28837
1305,Flavio Alfaro,2023,28927
1305,Flavio Alfaro,2024,29046
1305,Flavio Alfaro,2025,29175
1305,Flavio Alfaro,2026,29312
1306,Jipijapa,2022,81541
1306,Jipijapa,2023,81786
1306,Jipijapa,2024,82110
1306,Jipijapa,2025,82465
1306,Jipijapa,2026,82846
1307,Junín,2022,23033
1307,Junín,2023,23219
1307,Junín,2024,23428
1307,Junín,2025,23645
1307,Junín,2026,23868
1308,Manta,2022,281123
1308,Manta,2023,284304
1308,Manta,2024,287759
1308,Manta,2025,291322
1308,Manta,2026,294964
1309,Montecristi,2022,101571
1309,Montecristi,2023,103867
1309,Montecristi,2024,106147
1309,Montecristi,2025,108345
1309,Montecristi,2026,110453
1310,Paján,2022,43699
1310,Paján,2023,43904
1310,Paján,2024,44149
1310,Paján,2025,44409
1310,Paján,2026,44680
1311,Pichincha,2022,32060
1311,Pichincha,2023,31986
1311,Pichincha,2024,31958
1311,Pichincha,2025,31960
1311,Pichincha,2026,31987
1312,Rocafuerte,2022,43931
1312,Rocafuerte,2023,44594
1312,Rocafuerte,2024,45295
1312,Rocafuerte,2025,46005
1312,Rocafuerte,2026,46720
1313,Santa Ana,2022,53463
1313,Santa Ana,2023,53579
1313,Santa Ana,2024,53749
1313,Santa Ana,2025,53941
1313,Santa Ana,2026,54154
1314,Sucre,2022,66997
1314,Sucre,2023,67383
1314,Sucre,2024,67831
1314,Sucre,2025,68301
1314,Sucre,2026,68786
1315,Tosagua,2022,44339
1315,Tosagua,2023,44579
1315,Tosagua,2024,44859
1315,Tosagua,2025,45153
1315,Tosagua,2026,45458
1316,24 de Mayo,2022,32647
1316,24 de Mayo,2023,32716
1316,24 de Mayo,2024,32819
1316,24 de Mayo,2025,32936
1316,24 de Mayo,2026,33065
1317,Pedernales,2022,76651
1317,Pedernales,2023,78017
1317,Pedernales,2024,79428
1317,Pedernales,2025,80838
1317,Pedernales,2026,82234
1318,Olmedo,2022,10607
1318,Olmedo,2023,10585
1318,Olmedo,2024,10579
1318,Olmedo,2025,10582
1318,Olmedo,2026,10592
1319,Puerto López,2022,27040
1319,Puerto López,2023,27496
1319,Puerto López,2024,27971
1319,Puerto López,2025,28448
1319,Puerto López,2026,28924
1320,Jama,2022,18598
1320,Jama,2023,18105
1320,Jama,2024,17697
1320,Jama,2025,17363
1320,Jama,2026,17101
1321,Jaramijó,2022,30558
1321,Jaramijó,2023,31413
1321,Jaramijó,2024,32223
1321,Jaramijó,2025,32971
1321,Jaramijó,2026,33659
1322,San Vicente,2022,25915
1322,San Vicente,2023,26112
1322,San Vicente,2024,26333
1322,San Vicente,2025,26563
1322,San Vicente,2026,26799
1401,Morona,2022,56624
1401,Morona,2023,57720
1401,Morona,2024,58843
1401,Morona,2025,59992
1401,Morona,2026,61155
1402,Gualaquiza,2022,22493
1402,Gualaquiza,2023,22820
1402,Gualaquiza,2024,23155
1402,Gualaquiza,2025,23497
1402,Gualaquiza,2026,23842
1403,Limón Indanza,2022,10256
1403,Limón Indanza,2023,10196
1403,Limón Indanza,2024,10150
1403,Limón Indanza,2025,10118
1403,Limón Indanza,2026,10099
1404,Palora,2022,11915
1404,Palora,2023,12323
1404,Palora,2024,12718
1404,Palora,2025,13100
1404,Palora,2026,13466
1405,Santiago,2022,9971
1405,Santiago,2023,9970
1405,Santiago,2024,9980
1405,Santiago,2025,10001
1405,Santiago,2026,10033
1406,Sucúa,2022,23972
1406,Sucúa,2023,24287
1406,Sucúa,2024,24610
1406,Sucúa,2025,24940
1406,Sucúa,2026,25274
1407,Huamboya,2022,11384
1407,Huamboya,2023,11580
1407,Huamboya,2024,11781
1407,Huamboya,2025,11987
1407,Huamboya,2026,12195
1408,San Juan Bosco,2022,4474
1408,San Juan Bosco,2023,4495
1408,San Juan Bosco,2024,4520
1408,San Juan Bosco,2025,4550
1408,San Juan Bosco,2026,4583
1409,Taisha,2022,28457
1409,Taisha,2023,29225
1409,Taisha,2024,29997
1409,Taisha,2025,30773
1409,Taisha,2026,31544
1410,Logroño,2022,7711
1410,Logroño,2023,7814
1410,Logroño,2024,7922
1410,Logroño,2025,8030
1410,Logroño,2026,8141
1411,Pablo Sexto,2022,2303
1411,Pablo Sexto,2023,2341
1411,Pablo Sexto,2024,2380
1411,Pablo Sexto,2025,2419
1411,Pablo Sexto,2026,2459
1412,Tiwintza,2022,9893
1412,Tiwintza,2023,10080
1412,Tiwintza,2024,10271
1412,Tiwintza,2025,10468
1412,Tiwintza,2026,10666
1501,Tena,2022,82422
1501,Tena,2023,83809
1501,Tena,2024,85237
1501,Tena,2025,86688
1501,Tena,2026,88146
1503,Archidona,2022,31684
1503,Archidona,2023,32002
1503,Archidona,2024,32331
1503,Archidona,2025,32667
1503,Archidona,2026,33002
1504,El Chaco,2022,9362
1504,El Chaco,2023,9432
1504,El Chaco,2024,9508
1504,El Chaco,2025,9585
1504,El Chaco,2026,9662
1507,Quijos,2022,6605
1507,Quijos,2023,6622
1507,Quijos,2024,6645
1507,Quijos,2025,6673
1507,Quijos,2026,6705
1509,Carlos Julio Arosemena Tola,2022,4695
1509,Carlos Julio Arosemena Tola,2023,4757
1509,Carlos Julio Arosemena Tola,2024,4820
1509,Carlos Julio Arosemena Tola,2025,4885
1509,Carlos Julio Arosemena Tola,2026,4950
1601,Pastaza,2022,84976
1601,Pastaza,2023,86522
1601,Pastaza,2024,87977
1601,Pastaza,2025,89381
1601,Pastaza,2026,90751
1602,Mera,2022,15278
1602,Mera,2023,15520
1602,Mera,2024,15745
1602,Mera,2025,15960
1602,Mera,2026,16168
1603,Santa Clara,2022,4602
1603,Santa Clara,2023,4653
1603,Santa Clara,2024,4699
1603,Santa Clara,2025,4743
1603,Santa Clara,2026,4785
1604,Arajuno,2022,10113
1604,Arajuno,2023,10367
1604,Arajuno,2024,10611
1604,Arajuno,2025,10848
1604,Arajuno,2026,11080
1701,Distrito Metropolitano de Quito,2022,2804269
1701,Distrito Metropolitano de Quito,2023,2820059
1701,Distrito Metropolitano de Quito,2024,2838174
1701,Distrito Metropolitano de Quito,2025,2856667
1701,Distrito Metropolitano de Quito,2026,2875075
1702,Cayambe,2022,110830
1702,Cayambe,2023,111595
1702,Cayambe,2024,112454
1702,Cayambe,2025,113328
1702,Cayambe,2026,114201
1703,Mejía,2022,105317
1703,Mejía,2023,106307
1703,Mejía,2024,107385
1703,Mejía,2025,108478
1703,Mejía,2026,109568
1704,Pedro Moncayo,2022,42425
1704,Pedro Moncayo,2023,42814
1704,Pedro Moncayo,2024,43238
1704,Pedro Moncayo,2025,43669
1704,Pedro Moncayo,2026,44099
1705,Rumiñahui,2022,111420
1705,Rumiñahui,2023,112367
1705,Rumiñahui,2024,113409
1705,Rumiñahui,2025,114467
1705,Rumiñahui,2026,115523
1707,San Miguel de los Bancos,2022,14647
1707,San Miguel de los Bancos,2023,14411
1707,San Miguel de los Bancos,2024,14241
1707,San Miguel de los Bancos,2025,14120
1707,San Miguel de los Bancos,2026,14037
1708,Pedro Vicente Maldonado,2022,16336
1708,Pedro Vicente Maldonado,2023,16421
1708,Pedro Vicente Maldonado,2024,16520
1708,Pedro Vicente Maldonado,2025,16620
1708,Pedro Vicente Maldonado,2026,16721
1709,Puerto Quito,2022,26303
1709,Puerto Quito,2023,26563
1709,Puerto Quito,2024,26844
1709,Puerto Quito,2025,27129
1709,Puerto Quito,2026,27412
1801,Ambato,2022,377384
1801,Ambato,2023,379234
1801,Ambato,2024,381116
1801,Ambato,2025,383053
1801,Ambato,2026,385011
1802,Baños de Agua Santa,2022,22474
1802,Baños de Agua Santa,2023,22587
1802,Baños de Agua Santa,2024,22705
1802,Baños de Agua Santa,2025,22824
1802,Baños de Agua Santa,2026,22945
1803,Cevallos,2022,10621
1803,Cevallos,2023,10765
1803,Cevallos,2024,10906
1803,Cevallos,2025,11044
1803,Cevallos,2026,11179
1804,Mocha,2022,7382
1804,Mocha,2023,7393
1804,Mocha,2024,7404
1804,Mocha,2025,7418
1804,Mocha,2026,7431
1805,Patate,2022,14101
1805,Patate,2023,14088
1805,Patate,2024,14078
1805,Patate,2025,14070
1805,Patate,2026,14065
1806,Quero,2022,19529
1806,Quero,2023,19463
1806,Quero,2024,19404
1806,Quero,2025,19354
1806,Quero,2026,19311
1807,San Pedro de Pelileo,2022,64946
1807,San Pedro de Pelileo,2023,65333
1807,San Pedro de Pelileo,2024,65726
1807,San Pedro de Pelileo,2025,66129
1807,San Pedro de Pelileo,2026,66536
1808,Santiago de Píllaro,2022,43343
1808,Santiago de Píllaro,2023,43441
1808,Santiago de Píllaro,2024,43541
1808,Santiago de Píllaro,2025,43647
1808,Santiago de Píllaro,2026,43755
1809,Tisaleo,2022,14006
1809,Tisaleo,2023,14103
1809,Tisaleo,2024,14202
1809,Tisaleo,2025,14303
1809,Tisaleo,2026,14405
1901,Zamora,2022,31217
1901,Zamora,2023,31488
1901,Zamora,2024,31769
1901,Zamora,2025,32050
1901,Zamora,2026,32334
1902,Chinchipe,2022,10716
1902,Chinchipe,2023,10793
1902,Chinchipe,2024,10871
1902,Chinchipe,2025,10952
1902,Chinchipe,2026,11032
1903,Nangaritza,2022,6916
1903,Nangaritza,2023,7015
1903,Nangaritza,2024,7118
1903,Nangaritza,2025,7220
1903,Nangaritza,2026,7324
1904,Yacuambi,2022,6555
1904,Yacuambi,2023,6568
1904,Yacuambi,2024,6584
1904,Yacuambi,2025,6603
1904,Yacuambi,2026,6625
1905,Yantzaza,2022,24252
1905,Yantzaza,2023,24523
1905,Yantzaza,2024,24801
1905,Yantzaza,2025,25082
1905,Yantzaza,2026,25365
1906,El Pangui,2022,13377
1906,El Pangui,2023,13717
1906,El Pangui,2024,14048
1906,El Pangui,2025,14366
1906,El Pangui,2026,14670
1907,Centinela del Cóndor,2022,7985
1907,Centinela del Cóndor,2023,8074
1907,Centinela del Cóndor,2024,8167
1907,Centinela del Cóndor,2025,8260
1907,Centinela del Cóndor,2026,8354
1908,Palanda,2022,9036
1908,Palanda,2023,9066
1908,Palanda,2024,9098
1908,Palanda,2025,9134
1908,Palanda,2026,9172
1909,Paquisha,2022,5047
1909,Paquisha,2023,5119
1909,Paquisha,2024,5194
1909,Paquisha,2025,5269
1909,Paquisha,2026,5345
2001,San Cristóbal,2022,8711
2001,San Cristóbal,2023,8791
2001,San Cristóbal,2024,8850
2001,San Cristóbal,2025,8883
2001,San Cristóbal,2026,8916
2002,Isabela,2022,3079
2002,Isabela,2023,3146
2002,Isabela,2024,3205
2002,Isabela,2025,3253
2002,Isabela,2026,3300
2003,Santa Cruz,2022,17673
2003,Santa Cruz,2023,17871
2003,Santa Cruz,2024,18027
2003,Santa Cruz,2025,18129
2003,Santa Cruz,2026,18232
2101,Lago Agrio,2022,109746
2101,Lago Agrio,2023,109211
2101,Lago Agrio,2024,108536
2101,Lago Agrio,2025,107841
2101,Lago Agrio,2026,107234
2102,Gonzalo Pizarro,2022,10695
2102,Gonzalo Pizarro,2023,10677
2102,Gonzalo Pizarro,2024,10645
2102,Gonzalo Pizarro,2025,10610
2102,Gonzalo Pizarro,2026,10583
2103,Putumayo,2022,9309
2103,Putumayo,2023,9164
2103,Putumayo,2024,9026
2103,Putumayo,2025,8901
2103,Putumayo,2026,8798
2104,Shushufindi,2022,53113
2104,Shushufindi,2023,53044
2104,Shushufindi,2024,52902
2104,Shushufindi,2025,52747
2104,Shushufindi,2026,52628
2105,Sucumbíos,2022,3249
2105,Sucumbíos,2023,3200
2105,Sucumbíos,2024,3154
2105,Sucumbíos,2025,3111
2105,Sucumbíos,2026,3075
2106,Cascales,2022,12070
2106,Cascales,2023,11986
2106,Cascales,2024,11889
2106,Cascales,2025,11796
2106,Cascales,2026,11714
2107,Cuyabeno,2022,9039
2107,Cuyabeno,2023,9078
2107,Cuyabeno,2024,9101
2107,Cuyabeno,2025,9115
2107,Cuyabeno,2026,9132
2201,Francisco de Orellana,2022,97104
2201,Francisco de Orellana,2023,98683
2201,Francisco de Orellana,2024,100185
2201,Francisco de Orellana,2025,101643
2201,Francisco de Orellana,2026,103078
2202,Aguarico,2022,7114
2202,Aguarico,2023,7271
2202,Aguarico,2024,7423
2202,Aguarico,2025,7574
2202,Aguarico,2026,7723
2203,La Joya de los Sachas,2022,52970
2203,La Joya de los Sachas,2023,54137
2203,La Joya de los Sachas,2024,55268
2203,La Joya de los Sachas,2025,56383
2203,La Joya de los Sachas,2026,57491
2204,Loreto,2022,28978
2204,Loreto,2023,29477
2204,Loreto,2024,29955
2204,Loreto,2025,30420
2204,Loreto,2026,30879
2301,Santo Domingo,2022,458208
2301,Santo Domingo,2023,462496
2301,Santo Domingo,2024,466841
2301,Santo Domingo,2025,471217
2301,Santo Domingo,2026,475617
2302,La Concordia,2022,55484
2302,La Concordia,2023,56080
2302,La Concordia,2024,56683
2302,La Concordia,2025,57292
2302,La Concordia,2026,57905
2401,Santa Elena,2022,192798
2401,Santa Elena,2023,194079
2401,Santa Elena,2024,195847
2401,Santa Elena,2025,198016
2401,Santa Elena,2026,200227
2402,La Libertad,2022,117819
2402,La Libertad,2023,117850
2402,La Libertad,2024,118177
2402,La Libertad,2025,118743
2402,La Libertad,2026,119332
2403,Salinas,2022,88568
2403,Salinas,2023,88900
2403,Salinas,2024,89454
2403,Salinas,2025,90188
2403,Salinas,2026,90939
